"OldGist","NewGist"
"https://gist.github.com/PixelHeadsLtd/00f8d5c4dbb106c48372c66dec1fa304","https://gist.github.com/PixelHeadsLtd/d08292b3d10c4d11a27ce0a67ce75115"
"https://gist.github.com/PixelHeadsLtd/013a7951b2bc64de155b2fd02763542d","https://gist.github.com/PixelHeadsLtd/0803f95cef6599d806547a3080059603"
"https://gist.github.com/PixelHeadsLtd/018c92a2a070f216c78704a4cf4f9fbb","https://gist.github.com/PixelHeadsLtd/94d14220b4be08e19f49f89a417bb731"
"https://gist.github.com/PixelHeadsLtd/01bee51f36d04ba4cec4467b6c136927","https://gist.github.com/PixelHeadsLtd/f4bb7c9cfda936c933ab94bf26bb59f9"
"https://gist.github.com/PixelHeadsLtd/030234e13fbd077fa4a44b2ffc455fb6","https://gist.github.com/PixelHeadsLtd/deba08761189b14d5162cd4aea0920b2"
"https://gist.github.com/PixelHeadsLtd/063395af214ad043c83fcd3ae3522054","https://gist.github.com/PixelHeadsLtd/cfd2d3e5bc28bd687edbe0c6cd963682"
"https://gist.github.com/PixelHeadsLtd/06d969123eb65527ed466afb95161e7d","https://gist.github.com/PixelHeadsLtd/a688acdc4913b32f7448bc5eefb3f5da"
"https://gist.github.com/PixelHeadsLtd/0855d40f7b0b75aa75269566cc334489","https://gist.github.com/PixelHeadsLtd/c33a1e824fc5d46f4c76239fdbfd1172"
"https://gist.github.com/PixelHeadsLtd/097cdc3cdc09b1e55418f1568dc8ee2b","https://gist.github.com/PixelHeadsLtd/3ef140f01d06e944adcefa760cfa3762"
"https://gist.github.com/PixelHeadsLtd/09d8f36067fb2ff9a944bb8a043f22af","https://gist.github.com/PixelHeadsLtd/43e4ae63ac98dfb8062f121eb1e3448d"
"https://gist.github.com/PixelHeadsLtd/0a00c7d138cb756bab6cdc13771e35b3","https://gist.github.com/PixelHeadsLtd/27e80c580023e6bb1968eb29eaa27e68"
"https://gist.github.com/PixelHeadsLtd/0a76c08e23dab1dbafe6985f373c2a72","https://gist.github.com/PixelHeadsLtd/a95629399cebd8561d6bedf6a3dcfa6e"
"https://gist.github.com/PixelHeadsLtd/0b9cf025ac59551eeb0bfa7f357857d2","https://gist.github.com/PixelHeadsLtd/6fc48a53190295e6c570f13d2dc7f41c"
"https://gist.github.com/PixelHeadsLtd/0bef4442d8a7efe7e241f4a39be332ec","https://gist.github.com/PixelHeadsLtd/990d22d07035dba823761d83ac3e2d32"
"https://gist.github.com/PixelHeadsLtd/0e113052792f52d886239294d063b2a0","https://gist.github.com/PixelHeadsLtd/3bd4cc62cae763fc0ccfec647c4eca97"
"https://gist.github.com/PixelHeadsLtd/0ee18eb7f45425b31ead1ec5ab60311c","https://gist.github.com/PixelHeadsLtd/41692d1ccf0ecc65eac50a6608dea5c5"
"https://gist.github.com/PixelHeadsLtd/10af1d5fbf86aab12829ee5e820a7593","https://gist.github.com/PixelHeadsLtd/a924fdf09e7ea51fc3e890be3fa8bbe7"
"https://gist.github.com/PixelHeadsLtd/11e4ff963133eec14b41ddfc38fb0bea","https://gist.github.com/PixelHeadsLtd/692ebf5a1088c4c9db06d95374b4aa1d"
"https://gist.github.com/PixelHeadsLtd/13659f189ff363052f47358d5dad99cb","https://gist.github.com/PixelHeadsLtd/3b2affbe408c3ab8b4ef10306f1a6df4"
"https://gist.github.com/PixelHeadsLtd/13e73f280a09777ee566ecd3e7ebf16e","https://gist.github.com/PixelHeadsLtd/cf445cd494d4c24c57d111a9a275718f"
"https://gist.github.com/PixelHeadsLtd/166d065af3e4273089273a6fdcb3bc35","https://gist.github.com/PixelHeadsLtd/3a2dc23be91463096c6dba89d506282a"
"https://gist.github.com/PixelHeadsLtd/1768ae600cabe08d21ff4124f5ae28ef","https://gist.github.com/PixelHeadsLtd/a2452b245608c0503143a499904b3e52"
"https://gist.github.com/PixelHeadsLtd/198be7de1281cfe58e757a0f5eccdeb7","https://gist.github.com/PixelHeadsLtd/e772ad833764132ba8986c689fd78f31"
"https://gist.github.com/PixelHeadsLtd/1ae2c526182a289a15fb2e8bf5cdd126","https://gist.github.com/PixelHeadsLtd/9a97ae9d4037cb5ac9ab308239015348"
"https://gist.github.com/PixelHeadsLtd/1b1e89671b389637a626be618c8c2485","https://gist.github.com/PixelHeadsLtd/2b1afca7031187f7c4b980966b1aac1e"
"https://gist.github.com/PixelHeadsLtd/1bba78cffd4c6419ddab668624715480","https://gist.github.com/PixelHeadsLtd/538df7acef126d912f9356d5eb1af612"
"https://gist.github.com/PixelHeadsLtd/1c5dad507e12564e73a350777d86227e","https://gist.github.com/PixelHeadsLtd/56ccc91e3b89ac0f480d252448109e8b"
"https://gist.github.com/PixelHeadsLtd/1cc8971c036b29d7c76a36ec92b7e583","https://gist.github.com/PixelHeadsLtd/af3e6de8076a4ab11f94d00effd11bd9"
"https://gist.github.com/PixelHeadsLtd/1d989141549c4c198a15880ee5269803","https://gist.github.com/PixelHeadsLtd/a9a8c4a86e348275c9a7fc525dbd81a3"
"https://gist.github.com/PixelHeadsLtd/1eb6f5a7ce929aa08b9d9bbb3c54f534","https://gist.github.com/PixelHeadsLtd/ad79f953f1a173e97fef4b7ca11426b7"
"https://gist.github.com/PixelHeadsLtd/1fc73101c74b21833c945b079c28076d","https://gist.github.com/PixelHeadsLtd/71df8e98cb1ab88192083402ac04c36c"
"https://gist.github.com/PixelHeadsLtd/213004cc111f21ceaaf623c596f51330","https://gist.github.com/PixelHeadsLtd/a281372f0e67f8c829499363f63a41c7"
"https://gist.github.com/PixelHeadsLtd/241ce4d13c50e069e8c0531ef3cb709f","https://gist.github.com/PixelHeadsLtd/8dd24bd71a708c2d907979dd80b0da37"
"https://gist.github.com/PixelHeadsLtd/2464cfa4365a188ae640ca5c68b6b06a","https://gist.github.com/PixelHeadsLtd/270c5e96e9590c40d6eaa1fa1b74482c"
"https://gist.github.com/PixelHeadsLtd/28c0038bfdf948e34d0912c72c7ab508","https://gist.github.com/PixelHeadsLtd/c0bf9fd4c5dfb8cc8d92150941296503"
"https://gist.github.com/PixelHeadsLtd/29512f6cf4421f4acd77c8022f83f0e4","https://gist.github.com/PixelHeadsLtd/86bd6aa4b0cd6b34e2545e39c3033d71"
"https://gist.github.com/PixelHeadsLtd/2be3636e59b82c4ceb14129fb58030ac","https://gist.github.com/PixelHeadsLtd/7db15699b4161c9a4f671be3ca55f3db"
"https://gist.github.com/PixelHeadsLtd/2dbf290ef0c433a5ae3b075dabddbcd1","https://gist.github.com/PixelHeadsLtd/7ee87da6fdd333a46a37b83d861a2d69"
"https://gist.github.com/PixelHeadsLtd/2e68516ea72b5c8452e08175e501cfe4","https://gist.github.com/PixelHeadsLtd/e6e0578f1035c7c782b1d01160ed5dcd"
"https://gist.github.com/PixelHeadsLtd/2eedd82aed88a87b2fbedfdde8d476fa","https://gist.github.com/PixelHeadsLtd/8d8e6c20477b50838a7d7788950522a2"
"https://gist.github.com/PixelHeadsLtd/2f58d71a3a34fcc3d3fc4ad17933da65","https://gist.github.com/PixelHeadsLtd/c37eb65231b5f9bf06dbbd52cefcf7af"
"https://gist.github.com/PixelHeadsLtd/3102c4fe214b14c9778de2908a2caccc","https://gist.github.com/PixelHeadsLtd/87d84ad852fe7267946c9c4550be0a16"
"https://gist.github.com/PixelHeadsLtd/3240efc7ab593d9417af24ed3c2ec9f5","https://gist.github.com/PixelHeadsLtd/96e46a2152c01c2f26b4b6fb5fc7218e"
"https://gist.github.com/PixelHeadsLtd/329f9a6c5283eacf0a47c937223bcbab","https://gist.github.com/PixelHeadsLtd/f0064431e6dcb6025dba89c89f480ca5"
"https://gist.github.com/PixelHeadsLtd/33619306591531236ed49ce8a8d40f33","https://gist.github.com/PixelHeadsLtd/2ca39d858ae5d2096e0700dd93f3741a"
"https://gist.github.com/PixelHeadsLtd/3472f9aebe95cecf907cde95f2564bc3","https://gist.github.com/PixelHeadsLtd/2805b1e5d0368a2e8bb75cc777580e78"
"https://gist.github.com/PixelHeadsLtd/348f9ee97ea749ec31fed4bb80868f28","https://gist.github.com/PixelHeadsLtd/4cc5a9337fb137a98b03c0a95ebb0dd1"
"https://gist.github.com/PixelHeadsLtd/35c803fb8616ad17cacd53883d0de4f9","https://gist.github.com/PixelHeadsLtd/5e4a5a94fcf7c8914639b563d7dad663"
"https://gist.github.com/PixelHeadsLtd/3650983ec5ec2f4e2df676c4ea6be182","https://gist.github.com/PixelHeadsLtd/fce954d16a677b865e919bb35dcc2ea7"
"https://gist.github.com/PixelHeadsLtd/382f961c7ba18260fb80bf5e18620500","https://gist.github.com/PixelHeadsLtd/4cd784b67f5be48b90edcf661a5954af"
"https://gist.github.com/PixelHeadsLtd/39c18050b054e45ee13058f134127528","https://gist.github.com/PixelHeadsLtd/acaa5a25997bf63f32e63545fb1e313b"
"https://gist.github.com/PixelHeadsLtd/3de1370b449eddbd1624e44965dcd1e8","https://gist.github.com/PixelHeadsLtd/5e8f0ea9a460fd05360f0d3d5bdf7d71"
"https://gist.github.com/PixelHeadsLtd/3df7bd5d8164eedb7b51c9e4ed45f925","https://gist.github.com/PixelHeadsLtd/30b833d85b68d81a8f448a617480e997"
"https://gist.github.com/PixelHeadsLtd/3e18e3e76ce557dd36cf343b0fa3007d","https://gist.github.com/PixelHeadsLtd/6266db31b1a7131fdae7747527e45837"
"https://gist.github.com/PixelHeadsLtd/3eff6d63f90bb98be1d11ae0a5650da1","https://gist.github.com/PixelHeadsLtd/81f1723c09d3175b78764dc345728645"
"https://gist.github.com/PixelHeadsLtd/4102f19c058d44fd7c25f44b9933a3fa","https://gist.github.com/PixelHeadsLtd/acb5b0c53eacb540c68a21e89914b55f"
"https://gist.github.com/PixelHeadsLtd/4112932fd718f71f0b4733094adf8746","https://gist.github.com/PixelHeadsLtd/32e96845b75d07d84141cb2de9fe741e"
"https://gist.github.com/PixelHeadsLtd/41635eefa1d9656f3f8f9a719d82c7c7","https://gist.github.com/PixelHeadsLtd/8c65e20ca20d6c619111902a9b62a69f"
"https://gist.github.com/PixelHeadsLtd/42bc778ad5f8ff285309173d52135dc8","https://gist.github.com/PixelHeadsLtd/1484c129f29980566c02ac0184c8dae6"
"https://gist.github.com/PixelHeadsLtd/432b009c9a8116539c70002f6bedc9e8","https://gist.github.com/PixelHeadsLtd/4ffdbffba2a88563f38a1bd2939946b1"
"https://gist.github.com/PixelHeadsLtd/4336416811e203f7176f8910afd3b97c","https://gist.github.com/PixelHeadsLtd/33644fdaf1a53032e618c1ff63ab80a0"
"https://gist.github.com/PixelHeadsLtd/4360c54f4b3e612a34e4b2d956fbb86e","https://gist.github.com/PixelHeadsLtd/0f3f627e59921334b420ab7b4fb19c2c"
"https://gist.github.com/PixelHeadsLtd/43675ada24abcaa6a719cf48204f1ce2","https://gist.github.com/PixelHeadsLtd/667d92f0bfaedc9831f9472a15d4dcaf"
"https://gist.github.com/PixelHeadsLtd/4385c2e940bed171da9891b8a980a0fa","https://gist.github.com/PixelHeadsLtd/7d15bd335739ac7a87f375e4adaec8a3"
"https://gist.github.com/PixelHeadsLtd/4553a8cf1cace589b8f7f968200a1621","https://gist.github.com/PixelHeadsLtd/8b8cee0e98df92d4d526dddbf4375b2b"
"https://gist.github.com/PixelHeadsLtd/46a72ba8314eee3db9bc42ad028da675","https://gist.github.com/PixelHeadsLtd/48952439ea2bf0ebf2ba5e06f711463f"
"https://gist.github.com/PixelHeadsLtd/47fe0ee950902d394b914f90ac1248ab","https://gist.github.com/PixelHeadsLtd/315a334787e529d2e68efd11e648dd91"
"https://gist.github.com/PixelHeadsLtd/49057496ac3c173fdcea205e765cc89a","https://gist.github.com/PixelHeadsLtd/9eb6ce3e8d0923578d7862b9a427d85b"
"https://gist.github.com/PixelHeadsLtd/49376fbd40cdc740ac32d68ea19fc150","https://gist.github.com/PixelHeadsLtd/e5089ec5288adeb03865eaa7975bcc93"
"https://gist.github.com/PixelHeadsLtd/49578093dcdbbebce0205440b242d87d","https://gist.github.com/PixelHeadsLtd/00c6f9e383b0e1d2b2507c19a627ae2f"
"https://gist.github.com/PixelHeadsLtd/4ae7efd7001f96b73bc22c04c909f4a8","https://gist.github.com/PixelHeadsLtd/e13e47a1ae436aaaccd442ffd7bea872"
"https://gist.github.com/PixelHeadsLtd/4d619eaff00d00449b7c871d59cd4d65","https://gist.github.com/PixelHeadsLtd/a3785ef9d494e67e10a0c0ebbe012455"
"https://gist.github.com/PixelHeadsLtd/4db73a253140135b45d39eabe0081d79","https://gist.github.com/PixelHeadsLtd/d82807f10a386c2e2e03fa1d38c65dc1"
"https://gist.github.com/PixelHeadsLtd/4e6f7537babfe54d86ab2198c096c4fe","https://gist.github.com/PixelHeadsLtd/041acf9385e6f450de9bc926cacdeec3"
"https://gist.github.com/PixelHeadsLtd/4f5141e2fed537c3508b981bad56f9b5","https://gist.github.com/PixelHeadsLtd/5b67c7d9f92d057ad1ba5b7b86bda8a4"
"https://gist.github.com/PixelHeadsLtd/50af90b6876826c56c3c2a68216a8026","https://gist.github.com/PixelHeadsLtd/b1839a1ae618bbfa1107389f5bee5969"
"https://gist.github.com/PixelHeadsLtd/53ec55cf348ebb07ce56bd57b8affa59","https://gist.github.com/PixelHeadsLtd/f027750702725dfafecff718fce46d9c"
"https://gist.github.com/PixelHeadsLtd/54619d83340d8573987febe75d23d43c","https://gist.github.com/PixelHeadsLtd/72d54b5607b78052e6f1bfd179900151"
"https://gist.github.com/PixelHeadsLtd/54841a9e2cdc6d4c5b0749770692b667","https://gist.github.com/PixelHeadsLtd/c6b8beb1d0604779e9c1f04aa99d327f"
"https://gist.github.com/PixelHeadsLtd/54e4ee0de746591cd4fa61aef7466970","https://gist.github.com/PixelHeadsLtd/9543b704efe31c41f5bca535c2b51b42"
"https://gist.github.com/PixelHeadsLtd/5624517ec7906c834bb5ad96ec916915","https://gist.github.com/PixelHeadsLtd/1a9dc14b6e58d23b4e040bbd4dc65028"
"https://gist.github.com/PixelHeadsLtd/573dae7e18b291fe655decccc55840be","https://gist.github.com/PixelHeadsLtd/48ef16c1a0e165022682d31d91e12c01"
"https://gist.github.com/PixelHeadsLtd/586c1c2fed174b58de0da7a45e922ada","https://gist.github.com/PixelHeadsLtd/a2a94e29e7005d4901e2bc5d4a3795f9"
"https://gist.github.com/PixelHeadsLtd/595f67f71f76e5636ae715f0fcb78e33","https://gist.github.com/PixelHeadsLtd/2ce9af46322e4e9747d6f288b1d9c4ae"
"https://gist.github.com/PixelHeadsLtd/5b3a026ff39d4231f7dba47ea6d28abb","https://gist.github.com/PixelHeadsLtd/beb114fe3028c2271d7fef84aab6e237"
"https://gist.github.com/PixelHeadsLtd/5b70cd0840d5c0bd769ea6779c15b941","https://gist.github.com/PixelHeadsLtd/7ca94711e15d6ecee9e7fc630f834d68"
"https://gist.github.com/PixelHeadsLtd/5c0343341993f610d9514fad37e05f76","https://gist.github.com/PixelHeadsLtd/bafeab83ac2db9a8d38cbf0e2e362d8e"
"https://gist.github.com/PixelHeadsLtd/5c365918a2d4bcd3b863131c314583f9","https://gist.github.com/PixelHeadsLtd/3d13fde93c0b270ffaf6473d870fdc52"
"https://gist.github.com/PixelHeadsLtd/5db4bd18a4e8c0b54fb97c1b40d4b123","https://gist.github.com/PixelHeadsLtd/24a6d3193b276c7c19d971aa1b2f4984"
"https://gist.github.com/PixelHeadsLtd/602a7d33d69e9461c6e1be269be79caf","https://gist.github.com/PixelHeadsLtd/4be53903e59276b3a581f90d36128b45"
"https://gist.github.com/PixelHeadsLtd/622491eeefb2c06da85f8bb3e9abf321","https://gist.github.com/PixelHeadsLtd/c1f72d300a5acbf6b141268013cb3b95"
"https://gist.github.com/PixelHeadsLtd/624d199760c4737d3583d75c4006e1c6","https://gist.github.com/PixelHeadsLtd/2a4a0df8b7e4a2a474f1e0402088b35a"
"https://gist.github.com/PixelHeadsLtd/6543a13ccafd4ab6978035c60216508e","https://gist.github.com/PixelHeadsLtd/18142ae624d8805bc8f0d10a40374ff9"
"https://gist.github.com/PixelHeadsLtd/679fa7cc34b47a08f4fc0b9fee12835b","https://gist.github.com/PixelHeadsLtd/6e13c877da49979a8eb29031bdc9f60b"
"https://gist.github.com/PixelHeadsLtd/6837ab47f7d60c9fba2d24754fe95510","https://gist.github.com/PixelHeadsLtd/66f9f37ddb3992b467fab50942b84840"
"https://gist.github.com/PixelHeadsLtd/69327c3e18e20b0f1b5a780d32945073","https://gist.github.com/PixelHeadsLtd/7ce885ad0b464a2ceafbdb852c218305"
"https://gist.github.com/PixelHeadsLtd/6a1ac7be032e564528323f69a815644f","https://gist.github.com/PixelHeadsLtd/4dcff602e104cf06be99504a4db32d3f"
"https://gist.github.com/PixelHeadsLtd/6aa0a3b0595f39f5ab35e3728b5e5312","https://gist.github.com/PixelHeadsLtd/339e3295fd4d80f420a298a57a4efc73"
"https://gist.github.com/PixelHeadsLtd/6d9d4620a4e6de41687c34014360a2ef","https://gist.github.com/PixelHeadsLtd/ec9827a6705e635cee354ce335018486"
"https://gist.github.com/PixelHeadsLtd/6faba326679fb4870afc75464f7caaba","https://gist.github.com/PixelHeadsLtd/4dfbd41ed96912775861261ad723df39"
"https://gist.github.com/PixelHeadsLtd/717cc6a05b0488023d85920201771e98","https://gist.github.com/PixelHeadsLtd/f290236f30a77b0db9899138c0b90e4e"
"https://gist.github.com/PixelHeadsLtd/733f2e42f6959f481fcc736ca277cda2","https://gist.github.com/PixelHeadsLtd/31535a440e9290e01e52b1d625c73ba1"
"https://gist.github.com/PixelHeadsLtd/7416441aa65f97dd0716018615c980aa","https://gist.github.com/PixelHeadsLtd/b7b571a66c9c4afba14e9c0d015b9550"
"https://gist.github.com/PixelHeadsLtd/74b0c758638432c2aca0a3c41d517a36","https://gist.github.com/PixelHeadsLtd/180832be0cb2e30b736dbcf4b10e46ea"
"https://gist.github.com/PixelHeadsLtd/75adb87428909b1dd5b22e7bf3b1227d","https://gist.github.com/PixelHeadsLtd/1d1b03c2498d08e50686f8f544f12cfd"
"https://gist.github.com/PixelHeadsLtd/765d5f24db3b5f59613a2c5e75f64b28","https://gist.github.com/PixelHeadsLtd/4dd92472e929ea27e76485ce49809f0d"
"https://gist.github.com/PixelHeadsLtd/76aa8785db657ed74f8957884f536566","https://gist.github.com/PixelHeadsLtd/0fcfcc58fb704b6f2f11daf11290953c"
"https://gist.github.com/PixelHeadsLtd/76fa8ec7b9a2c48892a3a71fe881ff81","https://gist.github.com/PixelHeadsLtd/c1f1a105825e3080af0d15bbb28d4e76"
"https://gist.github.com/PixelHeadsLtd/773b60140d117c56f6faf7578c6b2a22","https://gist.github.com/PixelHeadsLtd/783d6ffb848e7a2823219e9db07ba130"
"https://gist.github.com/PixelHeadsLtd/798ef18d606cae741c31463927b87ba6","https://gist.github.com/PixelHeadsLtd/42c6237cb8c0c2dbb5bfc46ab8460703"
"https://gist.github.com/PixelHeadsLtd/7a031e514ff8b33eb9af78372784a498","https://gist.github.com/PixelHeadsLtd/f72e656a841a8f056c6d9cdec09e4670"
"https://gist.github.com/PixelHeadsLtd/7b2bddeb005feb84a1ea5264bbbb8368","https://gist.github.com/PixelHeadsLtd/e20ffac078a4e412a006f465b44910ba"
"https://gist.github.com/PixelHeadsLtd/8510b221184f1206a05311f393da67be","https://gist.github.com/PixelHeadsLtd/eae23f93c3fed3e33ad8bdb882dc9431"
"https://gist.github.com/PixelHeadsLtd/855337e9e0713261361f5dea2549f971","https://gist.github.com/PixelHeadsLtd/00f24b7ecf74785bbfa56b326e4e0576"
"https://gist.github.com/PixelHeadsLtd/86b87fa5a4a45da520a056baed7d1cca","https://gist.github.com/PixelHeadsLtd/bde03c53e1a0e88d7207811353712c40"
"https://gist.github.com/PixelHeadsLtd/87fb1380f4b423ab8b2230250a4b1165","https://gist.github.com/PixelHeadsLtd/7008ccea06ed49afc671eacda9692528"
"https://gist.github.com/PixelHeadsLtd/892a3d906c73f3cd7ccc40a41c5a77c4","https://gist.github.com/PixelHeadsLtd/0ab64116a92dd5f0e8ec2f31b2a7b16c"
"https://gist.github.com/PixelHeadsLtd/89c9f944cb5ac2f23e0554d66de060f8","https://gist.github.com/PixelHeadsLtd/5f8a44804b796089ad710b52de3c4f02"
"https://gist.github.com/PixelHeadsLtd/8de5885db91a49f49bb92943e4b2a8d1","https://gist.github.com/PixelHeadsLtd/c07577b38fcbd6e38946c6c8a07eb3ae"
"https://gist.github.com/PixelHeadsLtd/8ea6d0d7efaa2503f59bda90cd369d2d","https://gist.github.com/PixelHeadsLtd/a6b595ea8099f8ab8e08c8eb36cf3eaa"
"https://gist.github.com/PixelHeadsLtd/929a7dab99736c9df8b0989b96d1bf22","https://gist.github.com/PixelHeadsLtd/1900d1615ede434b79f9192fae8bddb2"
"https://gist.github.com/PixelHeadsLtd/9494cd8eb64ecfe33ef5ea1bebe64834","https://gist.github.com/PixelHeadsLtd/53cb314db6c0790a2c4ff363fc9151fb"
"https://gist.github.com/PixelHeadsLtd/949a17edd98577d82e9f6239836ad5df","https://gist.github.com/PixelHeadsLtd/e1c58d1921e4425d4239d7e65c0b171f"
"https://gist.github.com/PixelHeadsLtd/96b30f8bd915e6d9cdad06e372842264","https://gist.github.com/PixelHeadsLtd/fb327b7a80f81f26a8a6053a4ffe9d83"
"https://gist.github.com/PixelHeadsLtd/9762a8d2e861b6f3ba0a640b7f71eb47","https://gist.github.com/PixelHeadsLtd/421447b86fa53cbe589e8eaa212bc029"
"https://gist.github.com/PixelHeadsLtd/98f547986e54f7d0439615740a480860","https://gist.github.com/PixelHeadsLtd/47487ef1321196d2af67ce2d84ddf3c0"
"https://gist.github.com/PixelHeadsLtd/9906993107694226e46e91e08787a8ad","https://gist.github.com/PixelHeadsLtd/19f1ec9e8c6e0f9b1b82b43858772de7"
"https://gist.github.com/PixelHeadsLtd/998e286adeb50a70e6e83bfc17461d16","https://gist.github.com/PixelHeadsLtd/147fb037bddf7d350cb23d0d57ac684f"
"https://gist.github.com/PixelHeadsLtd/9b7cbb3a3bd3fa0b63443a5c44f68db2","https://gist.github.com/PixelHeadsLtd/a91463b5a8f035c324d77f4bedc4be50"
"https://gist.github.com/PixelHeadsLtd/9e6c8132425e1a4a431014747fbe029b","https://gist.github.com/PixelHeadsLtd/b4474193c7e2cff6c34f5c4946f636de"
"https://gist.github.com/PixelHeadsLtd/9fcf22d556c125b3c6223b3eb56ab68f","https://gist.github.com/PixelHeadsLtd/82b2bd3b651bb7d8e7b1beba3b880916"
"https://gist.github.com/PixelHeadsLtd/9fe6904748149b01d536d96210d7fe1b","https://gist.github.com/PixelHeadsLtd/88d54a93b2f462931005619a0c019397"
"https://gist.github.com/PixelHeadsLtd/a172983949e1ddd05c5be2724d848256","https://gist.github.com/PixelHeadsLtd/ee0b96f9ef80c631db5647c2b55bcebb"
"https://gist.github.com/PixelHeadsLtd/a202bc532c366edf319b54a01ceac680","https://gist.github.com/PixelHeadsLtd/fa78340c122064bf8afca352b779b035"
"https://gist.github.com/PixelHeadsLtd/a3481c50712db3bfe841dd6218d6ad2f","https://gist.github.com/PixelHeadsLtd/c709694b2b40ea84867428cba80b2a56"
"https://gist.github.com/PixelHeadsLtd/a474317e50c4bb4cf58a3babbc076794","https://gist.github.com/PixelHeadsLtd/af78e90c5d80b6cb3d8f5c33fd94f87a"
"https://gist.github.com/PixelHeadsLtd/a72e962365dd6404e505e2f97d520530","https://gist.github.com/PixelHeadsLtd/fbce3db692cd515eab624a29a9ceaf62"
"https://gist.github.com/PixelHeadsLtd/ad436b9c31c92e1eb160bb5b4d2e3f18","https://gist.github.com/PixelHeadsLtd/ab8afa4a52111c35abb6ccf4db49219c"
"https://gist.github.com/PixelHeadsLtd/adde91f7f8309fc5c6aa5148620850b9","https://gist.github.com/PixelHeadsLtd/44584d312712fe49cc99c892a2db97f4"
"https://gist.github.com/PixelHeadsLtd/ae6121d6c18efd318200b00e36802d8f","https://gist.github.com/PixelHeadsLtd/aba6c3a43e1b16b80804d22f759f7575"
"https://gist.github.com/PixelHeadsLtd/b0d783cceafb140f517bfa50c92e5a34","https://gist.github.com/PixelHeadsLtd/eec9de0fe11252d9ecef02d9117cfc2d"
"https://gist.github.com/PixelHeadsLtd/b1808895e0ff07b76375732574163aab","https://gist.github.com/PixelHeadsLtd/ed5bb539053c473f3161ec25bd8ac2b2"
"https://gist.github.com/PixelHeadsLtd/b22be5a5093f79771e19c8f8ab7515e2","https://gist.github.com/PixelHeadsLtd/a20b5468ca12fbc0bbe25e2f328570b4"
"https://gist.github.com/PixelHeadsLtd/b2904c6e87b66711a6c279fa1374710e","https://gist.github.com/PixelHeadsLtd/df8fc35b89f005298328f143e9814329"
"https://gist.github.com/PixelHeadsLtd/b480e0b1c91f1c41a69bd3faf8781c71","https://gist.github.com/PixelHeadsLtd/f18c0a236ff31002eb2b8e836a553a1a"
"https://gist.github.com/PixelHeadsLtd/b5810d6e5078f0a7aad1c55d754d8dd3","https://gist.github.com/PixelHeadsLtd/25974f3ad20fc93c1fa19e4cab875b43"
"https://gist.github.com/PixelHeadsLtd/b68d128666b230aad9bbbd91eab729cf","https://gist.github.com/PixelHeadsLtd/3d25c146b8773b34480bf281b68a3818"
"https://gist.github.com/PixelHeadsLtd/b9d3003df55c475ad25ecf16c7fd91d9","https://gist.github.com/PixelHeadsLtd/fa2b4109d801d61893dd5f617e05068c"
"https://gist.github.com/PixelHeadsLtd/ba526c86b6377e71809e49d6dadf05cd","https://gist.github.com/PixelHeadsLtd/deb6496c5696d461c6a3209512fe0c95"
"https://gist.github.com/PixelHeadsLtd/ba5326733c7e6fde41cf32c15f637068","https://gist.github.com/PixelHeadsLtd/748984c1d2d8cb404178965e5be47a04"
"https://gist.github.com/PixelHeadsLtd/bbc5df1bea235f81bb95953910384de9","https://gist.github.com/PixelHeadsLtd/81bae58772c092b69e1ae1e9b63ff79d"
"https://gist.github.com/PixelHeadsLtd/bed2190360c79d8e56e33f3140a3a96a","https://gist.github.com/PixelHeadsLtd/f98ca7bd1f4471087aedbdad41d94e4c"
"https://gist.github.com/PixelHeadsLtd/bfb3a92e9b04361507bb0a31ca476b48","https://gist.github.com/PixelHeadsLtd/9c4871f991676534db408a2a8e3e8591"
"https://gist.github.com/PixelHeadsLtd/bff134b695c5b22a18430ca97e21b768","https://gist.github.com/PixelHeadsLtd/8f4f5b6536e76e7f9d7882d12159fbfe"
"https://gist.github.com/PixelHeadsLtd/c0ecbe536f2c3b41e6841e2e78f2d54d","https://gist.github.com/PixelHeadsLtd/2f899fa993d21205252f869b12cd83d9"
"https://gist.github.com/PixelHeadsLtd/c137711141d9d093475458e9dbc16709","https://gist.github.com/PixelHeadsLtd/86cb2c2dda49334a830d3497ac5fc5ab"
"https://gist.github.com/PixelHeadsLtd/c4054fcf8b6c0fee6fbda1d7a38f0401","https://gist.github.com/PixelHeadsLtd/f4dae181ef591fa7ca9cb43a80f51b91"
"https://gist.github.com/PixelHeadsLtd/c45b8d77e733210bda9d0af4345195cf","https://gist.github.com/PixelHeadsLtd/9a163e533b7f91c1c021d7daa6b3e7d8"
"https://gist.github.com/PixelHeadsLtd/c47e21b038a33bfcc5eabdbee7a6a3ba","https://gist.github.com/PixelHeadsLtd/d43264d93d0adf6cdd79ecef69055fca"
"https://gist.github.com/PixelHeadsLtd/c4f38f6a42fe109d513ebe8ef0b78b0c","https://gist.github.com/PixelHeadsLtd/acbe352d989d4f8486bc246a3bdf3497"
"https://gist.github.com/PixelHeadsLtd/c5202a6b15156eff2bb1c8db79a3e7c3","https://gist.github.com/PixelHeadsLtd/777be9a3ae8fe6a056e1fe9ef309d79b"
"https://gist.github.com/PixelHeadsLtd/c53c6e952f975b5c51dc58892970a25f","https://gist.github.com/PixelHeadsLtd/2821ce01908d2fdbd4eef3cbe5a4a77b"
"https://gist.github.com/PixelHeadsLtd/c731c7e7af543ce49b210c442fbb4952","https://gist.github.com/PixelHeadsLtd/d171f87a835da53376afba81fb2ad09b"
"https://gist.github.com/PixelHeadsLtd/c7c2429dd076ea62ef693cac227cb7ac","https://gist.github.com/PixelHeadsLtd/be41a7481a4f9581dc9cc173bcf9fec6"
"https://gist.github.com/PixelHeadsLtd/ca7010288f91ba667a0c869311842567","https://gist.github.com/PixelHeadsLtd/f1da5c97d76bb65184fafd3f0ce86898"
"https://gist.github.com/PixelHeadsLtd/cd4b84883f31fd781b81c14d121379dc","https://gist.github.com/PixelHeadsLtd/fa746bdff45bb44457978b60e5708e43"
"https://gist.github.com/PixelHeadsLtd/cd720ceeb8278c691e52facbf8a27990","https://gist.github.com/PixelHeadsLtd/2fee7dbe131581c7de45f7c5bc44369e"
"https://gist.github.com/PixelHeadsLtd/d146a0c1d930e7bf9423b991177c3121","https://gist.github.com/PixelHeadsLtd/7beb0f3d0ec977e2d0b5241b1d2698e4"
"https://gist.github.com/PixelHeadsLtd/d50913b7862cd92c14a53cb7eb013633","https://gist.github.com/PixelHeadsLtd/859414fc5dc020f5e3b93d20315f19ed"
"https://gist.github.com/PixelHeadsLtd/d578a74086b9bff7b9a6872d7fcea316","https://gist.github.com/PixelHeadsLtd/c094ac11ca69a8119d023dce197db45c"
"https://gist.github.com/PixelHeadsLtd/d857175e82d073b8f24e42dc6181d837","https://gist.github.com/PixelHeadsLtd/8e122316405457e8efe2ccf996ca37bc"
"https://gist.github.com/PixelHeadsLtd/d8ed9b696dfdc4604a96ea3ce3a6e1f8","https://gist.github.com/PixelHeadsLtd/30f9e1a32946e0984f753cccdc50fde1"
"https://gist.github.com/PixelHeadsLtd/d9661f4ed516aa52aa8f7eee2f2a5672","https://gist.github.com/PixelHeadsLtd/bda4ad721c0425eab5ab311c43dbea49"
"https://gist.github.com/PixelHeadsLtd/da5c890d170d3f1584c90580157797c3","https://gist.github.com/PixelHeadsLtd/6a17c332d81e7695a8351507fea3b905"
"https://gist.github.com/PixelHeadsLtd/ddd147718088a58a509e3daa5f3c5c4b","https://gist.github.com/PixelHeadsLtd/c1ae88f232fe2a8c875e3e0b36be8e9f"
"https://gist.github.com/PixelHeadsLtd/deb6c3306eb88e543f4ba196d20fc44b","https://gist.github.com/PixelHeadsLtd/f215acf53d0ad49a996fbf3d3f96e5fe"
"https://gist.github.com/PixelHeadsLtd/df6a6cd8a0bc753bd843928b4316c030","https://gist.github.com/PixelHeadsLtd/23d06d96fd95ab40b94a7947b857cf04"
"https://gist.github.com/PixelHeadsLtd/e112d9b6a050beaa94404afd98218a0f","https://gist.github.com/PixelHeadsLtd/1cd14da8cac5be36637aec30a60eb665"
"https://gist.github.com/PixelHeadsLtd/e41a93ca5516811ca6b1583390f41ce6","https://gist.github.com/PixelHeadsLtd/586f87458d9e6724517f72f87b1008d4"
"https://gist.github.com/PixelHeadsLtd/e4cebad75409e2cfc18e1e88737364b3","https://gist.github.com/PixelHeadsLtd/d065cd54b56b79abb0bd8ee489dfe18f"
"https://gist.github.com/PixelHeadsLtd/e4d09a23c5f657d979dc778d74e03935","https://gist.github.com/PixelHeadsLtd/e9090a9f1dafb77afe1f7de8f9d20f16"
"https://gist.github.com/PixelHeadsLtd/e553f62051539dcef6ec6fd75dfd6b26","https://gist.github.com/PixelHeadsLtd/8787eee8e7c5853da8b69fdff80cfc48"
"https://gist.github.com/PixelHeadsLtd/e85b2f9e6a48a0fda8b39b0c9b9fe4e9","https://gist.github.com/PixelHeadsLtd/21a60b9050a6919dc65258fe633ee779"
"https://gist.github.com/PixelHeadsLtd/e95ec03106df3bc0ce214561b9785d5e","https://gist.github.com/PixelHeadsLtd/a31569d974f10834ab5430556e3e3331"
"https://gist.github.com/PixelHeadsLtd/e9893e54b002289137446ddfe874ca75","https://gist.github.com/PixelHeadsLtd/9969c1be40b2480a2ef3d78777995cfa"
"https://gist.github.com/PixelHeadsLtd/eb0cf91a2f53876188e72aa94a9b4000","https://gist.github.com/PixelHeadsLtd/7b74a11a89a7d5e7b6e405fb4d6f9499"
"https://gist.github.com/PixelHeadsLtd/eb8079fac4f11620cf70ab6eeed9f791","https://gist.github.com/PixelHeadsLtd/e5e7af6edf7486f94e8b38f127c23fd9"
"https://gist.github.com/PixelHeadsLtd/ec2bbf59f421006a8e62f3113c7266d9","https://gist.github.com/PixelHeadsLtd/23ff451dfecf54fd474cd2378ca6b031"
"https://gist.github.com/PixelHeadsLtd/eda8d128cbbdd1ebe92f0dbe701ee2a6","https://gist.github.com/PixelHeadsLtd/31c6bc1449e33993b9b7c74318eddc78"
"https://gist.github.com/PixelHeadsLtd/ee6b1ec83f04d333ef279b40eb41d49f","https://gist.github.com/PixelHeadsLtd/ba9d18707fe199ef187948523db293c5"
"https://gist.github.com/PixelHeadsLtd/f08af42ced9a4788dca64d6ced828ecf","https://gist.github.com/PixelHeadsLtd/70ac016bbf10f8f5e7e3a55cb7da4bcc"
"https://gist.github.com/PixelHeadsLtd/f12973e6d3da23f18a1447d3b5296228","https://gist.github.com/PixelHeadsLtd/5630bd98fc6b19f92448fdeb8fbc700f"
"https://gist.github.com/PixelHeadsLtd/f16c02599eda33a6c99e5680568d9ce8","https://gist.github.com/PixelHeadsLtd/35460e59d2b181d8b17d397d9d419418"
"https://gist.github.com/PixelHeadsLtd/f38cb155abcec09ca90265ccfc6de677","https://gist.github.com/PixelHeadsLtd/0dde8f89756175e6326946f21f89d737"
"https://gist.github.com/PixelHeadsLtd/f6363d3562ca9437d234e1b89524ec11","https://gist.github.com/PixelHeadsLtd/ac68fd92ebec7ff47b978a8660c59819"
"https://gist.github.com/PixelHeadsLtd/f78e40aa8a476f100ee7b9f221abad33","https://gist.github.com/PixelHeadsLtd/ef09fe93b249fa9468c6742f2658d775"
"https://gist.github.com/PixelHeadsLtd/f93db3a7fe3051d86ef966ae9eac2d9d","https://gist.github.com/PixelHeadsLtd/95f72ddf62230c4b125ca0f9c07fdd00"
"https://gist.github.com/PixelHeadsLtd/f95ffa2a6624663ef13cdef6dddd82f3","https://gist.github.com/PixelHeadsLtd/b809faa67311f903a837dd5eeb139208"
"https://gist.github.com/PixelHeadsLtd/f9a8e254383b47c616e39b3674cd314f","https://gist.github.com/PixelHeadsLtd/899fc92102e5f2e84ed97dd502a3099d"
"https://gist.github.com/PixelHeadsLtd/fb5164e0aa6b55024dfe9b509fc1d110","https://gist.github.com/PixelHeadsLtd/09afb4be3d3a6217d2521cab0d85b1da"
"https://gist.github.com/PixelHeadsLtd/fbd89ac223536d0c7ca2190bde8f5b18","https://gist.github.com/PixelHeadsLtd/e8f4265f14b853736f423cbcd6fc73a7"
"https://gist.github.com/PixelHeadsLtd/fc6fe846adfb3b2a34bb516498e12039","https://gist.github.com/PixelHeadsLtd/d3908399a3a8e57798b89501eab909fa"
"https://gist.github.com/PixelHeadsLtd/fcff775dae07b2271d735372aebd208e","https://gist.github.com/PixelHeadsLtd/06e837c641aee42d8e1925acecf43e7b"
"https://gist.github.com/PixelHeadsLtd/fd314b865ccd2b13e64d2a1f66aff555","https://gist.github.com/PixelHeadsLtd/5e4733d2480787166c1e839b3a6cf0e5"
"https://gist.github.com/PixelHeadsLtd/fe8d39a285e4915364ba479067ea34de","https://gist.github.com/PixelHeadsLtd/aad9bcfd3e8221c2b474b3d9881e3e58"
"https://gist.github.com/PixelHeadsLtd/ff5b6117009af2785bc79ad795aeb1e8","https://gist.github.com/PixelHeadsLtd/1363cd71fa203060db789b27e8af932a"
